{
    "main.nova_rr_comics_beam_chargeup": {
        "sounds": [
            "nova_rr_comics_beam_chargeup"
        ],
        "category": "player"
    },
    "main.nova_rr_comics_beam_loop": {
        "sounds": [
            "nova_rr_comics_beam_loop"
        ],
        "category": "player"
    },
    "main.nova_rr_comics_beam_shoot": {
        "sounds": [
            "nova_rr_comics_beam_shoot"
        ],
        "category": "player"
    },
    "main.nova_rr_comics_blast1": {
        "sounds": [
            "nova_rr_comics_blast1"
        ],
        "category": "player"
    },
    "main.nova_rr_comics_blast2": {
        "sounds": [
            "nova_rr_comics_blast2"
        ],
        "category": "player"
    },
    "main.nova_rr_comics_boosting_combined": {
        "sounds": [
            "nova_rr_comics_boosting_combined"
        ],
        "category": "player"
    },
    "main.nova_rr_comics_boosting_standalone": {
        "sounds": [
            "nova_rr_comics_boosting_standalone"
        ],
        "category": "player"
    },
    "main.nova_rr_comics_energy_burst": {
        "sounds": [
            "nova_rr_comics_energy_burst"
        ],
        "category": "player"
    },
    "main.nova_rr_comics_energy_burst_chargeup": {
        "sounds": [
            "nova_rr_comics_energy_burst_chargeup"
        ],
        "category": "player"
    },
    "main.nova_rr_comics_energy_loop": {
        "sounds": [
            "nova_rr_comics_energy_loop"
        ],
        "category": "player"
    },
    "main.nova_rr_comics_flight_activate": {
        "sounds": [
            "nova_rr_comics_flight_activate"
        ],
        "category": "player"
    },
    "main.nova_rr_comics_flight_boost": {
        "sounds": [
            "nova_rr_comics_flight_boost"
        ],
        "category": "player"
    },
    "main.nova_rr_comics_flight_takeoff": {
        "sounds": [
            "nova_rr_comics_flight_takeoff"
        ],
        "category": "player"
    }
}
